Festival Name,Dates,Genre,City,Country,Venue,Capacity,Website,Ticket Price (EUR),Accommodation Options,Nearest Airport,Atmosphere,Notes,Ticket Type,Currency,Price Tier 1,Price Tier 2,Price Tier 3
Tomorrowland,2025-07-08 - 2025-07-10,Trance,West Evan,Canada,West Evan Indoor Club,5961,https://www.tomorrowland.com,121,Glamping,West Evan International Airport,One-stage intimate,Renowned for immersive experience and world-class DJs.,Camping Pass,EUR,69,193,563
Awakenings Festival,2025-07-08 - 2025-07-14,Trance,Coleside,Germany,Coleside Open Air,50713,https://www.awakeningsfestival.com,120,Camping,Coleside International Airport,Desert gathering,Renowned for immersive experience and world-class DJs.,General Admission,USD,51,165,583
Ultra Music Festival,2025-07-08 - 2025-07-15,Hardstyle,Stephensmouth,Serbia,Stephensmouth Indoor Club,23698,https://www.ultramusicfestival.com,341,Bungalow,Stephensmouth International Airport,Forest rave,Renowned for immersive experience and world-class DJs.,Backstage Pass,GBP,136,234,467
Time Warp,2025-07-08 - 2025-07-11,Trance,Alexandershire,Italy,Alexandershire Indoor Club,53592,https://www.timewarp.com,270,"No accommodation included, Hotel, Bungalow",Alexandershire International Airport,One-stage intimate,Renowned for immersive experience and world-class DJs.,Backstage Pass,EUR,59,267,408
Creamfields,2025-07-08 - 2025-07-10,Techno,New Alanville,USA,New Alanville Open Air,19806,https://www.creamfields.com,159,"Camping, Airbnb, Bungalow",New Alanville International Airport,One-stage intimate,Renowned for immersive experience and world-class DJs.,Camping Pass,USD,65,231,469
Sónar,2025-07-08 - 2025-07-13,Hardstyle,Elizabethberg,Vietnam,Elizabethberg Indoor Club,24587,https://www.sónar.com,311,"Glamping, Camping",Elizabethberg International Airport,Multi-stage,Renowned for immersive experience and world-class DJs.,General Admission,EUR,98,299,429
EXIT Festival,2025-07-08 - 2025-07-13,Hardstyle,Frederickfurt,Spain,Frederickfurt Open Air,28188,https://www.exitfestival.com,384,"Airbnb, Glamping",Frederickfurt International Airport,Desert gathering,Renowned for immersive experience and world-class DJs.,Backstage Pass,GBP,63,245,310
Dekmantel,2025-07-08 - 2025-07-14,EDM,New Alejandroberg,Germany,New Alejandroberg Indoor Club,14109,https://www.dekmantel.com,240,"Bungalow, Airbnb",New Alejandroberg International Airport,Forest rave,Renowned for immersive experience and world-class DJs.,Camping Pass,EUR,53,160,372
Dimensions Festival,2025-07-08 - 2025-07-11,EDM,East Juan,USA,East Juan Indoor Club,32678,https://www.dimensionsfestival.com,386,"Glamping, Hotel, Airbnb",East Juan International Airport,One-stage intimate,Renowned for immersive experience and world-class DJs.,VIP,EUR,89,260,388
Movement Detroit,2025-07-08 - 2025-07-11,House,West Lindseychester,Spain,West Lindseychester Indoor Club,24276,https://www.movementdetroit.com,74,"Airbnb, Glamping",West Lindseychester International Airport,One-stage intimate,Renowned for immersive experience and world-class DJs.,Backstage Pass,EUR,141,263,467
Burning Man,2025-07-08 - 2025-07-13,Hardstyle,Hallstad,Thailand,Hallstad Open Air,21900,https://www.burningman.com,170,"Camping, Bungalow, No accommodation included",Hallstad International Airport,Multi-stage,Renowned for immersive experience and world-class DJs.,VIP,EUR,107,250,564
DGTL Amsterdam,2025-07-08 - 2025-07-13,Techno,East Donnashire,Germany,East Donnashire Indoor Club,24266,https://www.dgtlamsterdam.com,315,Hotel,East Donnashire International Airport,Forest rave,Renowned for immersive experience and world-class DJs.,VIP,GBP,139,287,468
ADE,2025-07-08 - 2025-07-10,House,Michaelfurt,Portugal,Michaelfurt Indoor Club,73313,https://www.ade.com,106,No accommodation included,Michaelfurt International Airport,Multi-stage,Renowned for immersive experience and world-class DJs.,Backstage Pass,EUR,114,278,358
Boom Festival,2025-07-08 - 2025-07-13,Trance,Powellland,Hungary,Powellland Open Air,13162,https://www.boomfestival.com,112,"Hotel, Camping",Powellland International Airport,One-stage intimate,Renowned for immersive experience and world-class DJs.,VIP,EUR,120,216,596
Ozora Festival,2025-07-08 - 2025-07-13,House,North Rogerburgh,Australia,North Rogerburgh Indoor Club,57182,https://www.ozorafestival.com,245,No accommodation included,North Rogerburgh International Airport,Multi-stage,Renowned for immersive experience and world-class DJs.,VIP,GBP,143,273,490
Mysteryland,2025-07-08 - 2025-07-10,Psytrance,Keychester,Australia,Keychester Open Air,35487,https://www.mysteryland.com,155,"Bungalow, No accommodation included",Keychester International Airport,Forest rave,Renowned for immersive experience and world-class DJs.,Backstage Pass,USD,131,282,378
Rampage,2025-07-08 - 2025-07-15,House,Port Anthonytown,Belgium,Port Anthonytown Open Air,28591,https://www.rampage.com,51,Airbnb,Port Anthonytown International Airport,Desert gathering,Renowned for immersive experience and world-class DJs.,General Admission,USD,111,204,405
Shambhala,2025-07-08 - 2025-07-14,Techno,Berrymouth,Italy,Berrymouth Indoor Club,74828,https://www.shambhala.com,209,Hotel,Berrymouth International Airport,Desert gathering,Renowned for immersive experience and world-class DJs.,General Admission,GBP,115,299,522
Airbeat One,2025-07-08 - 2025-07-14,Techno,East Davidtown,Belgium,East Davidtown Indoor Club,22188,https://www.airbeatone.com,237,"Glamping, Airbnb",East Davidtown International Airport,Desert gathering,Renowned for immersive experience and world-class DJs.,Backstage Pass,USD,131,218,310
Fusion Festival,2025-07-08 - 2025-07-15,Trance,Colemanberg,Australia,Colemanberg Open Air,28828,https://www.fusionfestival.com,294,"No accommodation included, Bungalow",Colemanberg International Airport,Forest rave,Renowned for immersive experience and world-class DJs.,VIP,USD,128,245,420
Lost Paradise,2025-07-08 - 2025-07-14,Hardstyle,Shafferport,Australia,Shafferport Indoor Club,14927,https://www.lostparadise.com,247,"Hotel, Airbnb",Shafferport International Airport,Multi-stage,Renowned for immersive experience and world-class DJs.,General Admission,EUR,149,298,353
Sunburn Festival,2025-07-08 - 2025-07-12,Hardstyle,Richardsonstad,Switzerland,Richardsonstad Open Air,51278,https://www.sunburnfestival.com,210,"Glamping, Camping, Airbnb",Richardsonstad International Airport,One-stage intimate,Renowned for immersive experience and world-class DJs.,General Admission,GBP,54,290,403
Electric Daisy Carnival,2025-07-08 - 2025-07-14,EDM,New Tanya,UK,New Tanya Open Air,58133,https://www.electricdaisycarnival.com,149,"Hotel, Glamping, Airbnb",New Tanya International Airport,Multi-stage,Renowned for immersive experience and world-class DJs.,Camping Pass,EUR,96,273,459
Parookaville,2025-07-08 - 2025-07-15,EDM,Brownton,Belgium,Brownton Indoor Club,18812,https://www.parookaville.com,109,Hotel,Brownton International Airport,Forest rave,Renowned for immersive experience and world-class DJs.,General Admission,USD,77,226,424
Defqon.1,2025-07-08 - 2025-07-11,Techno,South Lindastad,Hungary,South Lindastad Open Air,45821,https://www.defqon.1.com,207,Camping,South Lindastad International Airport,Forest rave,Renowned for immersive experience and world-class DJs.,VIP,GBP,54,208,306
Hard Island,2025-07-08 - 2025-07-11,House,Roblestown,Iceland,Roblestown Indoor Club,29291,https://www.hardisland.com,301,Hotel,Roblestown International Airport,Desert gathering,Renowned for immersive experience and world-class DJs.,Backstage Pass,EUR,73,221,343
Sziget Festival,2025-07-08 - 2025-07-14,EDM,Simpsonmouth,Iceland,Simpsonmouth Open Air,11658,https://www.szigetfestival.com,253,"Bungalow, Glamping",Simpsonmouth International Airport,Desert gathering,Renowned for immersive experience and world-class DJs.,Camping Pass,EUR,75,181,461
Love Parade Revival,2025-07-08 - 2025-07-14,Techno,Wilsontown,Italy,Wilsontown Indoor Club,22001,https://www.loveparaderevival.com,88,Hotel,Wilsontown International Airport,One-stage intimate,Renowned for immersive experience and world-class DJs.,General Admission,USD,57,217,596
Caprices Festival,2025-07-08 - 2025-07-13,EDM,East Valeriestad,Netherlands,East Valeriestad Open Air,14744,https://www.capricesfestival.com,354,"Camping, Bungalow",East Valeriestad International Airport,One-stage intimate,Renowned for immersive experience and world-class DJs.,Backstage Pass,EUR,124,221,385
Epizode Festival,2025-07-08 - 2025-07-10,Techno,Richardview,Germany,Richardview Indoor Club,12212,https://www.epizodefestival.com,166,Bungalow,Richardview International Airport,Forest rave,Renowned for immersive experience and world-class DJs.,General Admission,GBP,112,239,366
Kappa FuturFestival,2025-07-08 - 2025-07-13,Techno,South David,USA,South David Indoor Club,75770,https://www.kappafuturfestival.com,202,"Bungalow, No accommodation included, Airbnb",South David International Airport,Multi-stage,Renowned for immersive experience and world-class DJs.,VIP,EUR,86,283,300
Les Plages Electroniques,2025-07-08 - 2025-07-13,Techno,Lake Kevinmouth,Croatia,Lake Kevinmouth Open Air,22615,https://www.lesplageselectroniques.com,231,"Glamping, Hotel",Lake Kevinmouth International Airport,Multi-stage,Renowned for immersive experience and world-class DJs.,VIP,EUR,55,273,572
Nuits Sonores,2025-07-08 - 2025-07-10,Psytrance,Courtneyland,Thailand,Courtneyland Open Air,16359,https://www.nuitssonores.com,116,Airbnb,Courtneyland International Airport,One-stage intimate,Renowned for immersive experience and world-class DJs.,VIP,GBP,52,203,387
Weather Festival,2025-07-08 - 2025-07-10,Trance,Yoderside,Germany,Yoderside Open Air,70699,https://www.weatherfestival.com,269,"Glamping, No accommodation included, Airbnb",Yoderside International Airport,Desert gathering,Renowned for immersive experience and world-class DJs.,Camping Pass,EUR,95,236,491
Garorock,2025-07-08 - 2025-07-10,Psytrance,Lake Jasonbury,Vietnam,Lake Jasonbury Open Air,20597,https://www.garorock.com,78,"Hotel, Glamping, Bungalow",Lake Jasonbury International Airport,Desert gathering,Renowned for immersive experience and world-class DJs.,Camping Pass,USD,58,237,593
Best Kept Secret,2025-07-08 - 2025-07-11,Techno,Colinville,Portugal,Colinville Indoor Club,18625,https://www.bestkeptsecret.com,104,"Airbnb, Bungalow, Camping",Colinville International Airport,One-stage intimate,Renowned for immersive experience and world-class DJs.,Camping Pass,USD,50,269,393
Parklife,2025-07-08 - 2025-07-13,Trance,Lake Jonathanport,Hungary,Lake Jonathanport Open Air,78218,https://www.parklife.com,135,"No accommodation included, Airbnb",Lake Jonathanport International Airport,Forest rave,Renowned for immersive experience and world-class DJs.,General Admission,GBP,95,187,439
We Are FSTVL,2025-07-08 - 2025-07-11,Techno,East Trevor,France,East Trevor Open Air,33693,https://www.wearefstvl.com,340,Glamping,East Trevor International Airport,Forest rave,Renowned for immersive experience and world-class DJs.,General Admission,GBP,77,272,328
Hospitality On The Beach,2025-07-08 - 2025-07-13,Trance,East Donald,Netherlands,East Donald Indoor Club,74734,https://www.hospitalityonthebeach.com,122,"No accommodation included, Bungalow",East Donald International Airport,Desert gathering,Renowned for immersive experience and world-class DJs.,General Admission,GBP,117,296,330
Hideout Festival,2025-07-08 - 2025-07-14,EDM,New Trevor,Iceland,New Trevor Indoor Club,36192,https://www.hideoutfestival.com,98,"Airbnb, Hotel",New Trevor International Airport,Desert gathering,Renowned for immersive experience and world-class DJs.,VIP,USD,105,252,435
Junction 2,2025-07-08 - 2025-07-11,EDM,West Amandachester,Portugal,West Amandachester Open Air,16541,https://www.junction2.com,104,"Camping, Glamping, Hotel",West Amandachester International Airport,Forest rave,Renowned for immersive experience and world-class DJs.,General Admission,GBP,140,284,455
No Sleep Festival,2025-07-08 - 2025-07-15,EDM,West Christinaborough,Thailand,West Christinaborough Open Air,17654,https://www.nosleepfestival.com,249,Airbnb,West Christinaborough International Airport,Multi-stage,Renowned for immersive experience and world-class DJs.,Backstage Pass,GBP,110,288,307
Bass Coast,2025-07-08 - 2025-07-12,House,Stephensview,India,Stephensview Open Air,25831,https://www.basscoast.com,292,"Airbnb, Glamping, No accommodation included",Stephensview International Airport,Multi-stage,Renowned for immersive experience and world-class DJs.,Camping Pass,USD,118,285,499
Chasing Summer,2025-07-08 - 2025-07-10,Hardstyle,West Andrew,UK,West Andrew Open Air,66646,https://www.chasingsummer.com,302,"Hotel, Glamping, Camping",West Andrew International Airport,One-stage intimate,Renowned for immersive experience and world-class DJs.,General Admission,GBP,55,157,331
Holy Ship!,2025-07-08 - 2025-07-12,Trance,North Jasonberg,Australia,North Jasonberg Open Air,38728,https://www.holyship!.com,132,No accommodation included,North Jasonberg International Airport,One-stage intimate,Renowned for immersive experience and world-class DJs.,VIP,GBP,91,209,328
CRSSD Festival,2025-07-08 - 2025-07-10,Techno,West Travis,Iceland,West Travis Open Air,63095,https://www.crssdfestival.com,237,"Bungalow, Camping",West Travis International Airport,Forest rave,Renowned for immersive experience and world-class DJs.,VIP,EUR,100,168,493
Electric Forest,2025-07-08 - 2025-07-15,House,Ryanburgh,USA,Ryanburgh Open Air,56083,https://www.electricforest.com,52,"No accommodation included, Hotel, Camping",Ryanburgh International Airport,Multi-stage,Renowned for immersive experience and world-class DJs.,VIP,USD,139,246,350
Secret Solstice,2025-07-08 - 2025-07-15,House,Elizabethborough,Italy,Elizabethborough Open Air,64721,https://www.secretsolstice.com,57,Hotel,Elizabethborough International Airport,Desert gathering,Renowned for immersive experience and world-class DJs.,General Admission,EUR,141,272,427
Primavera Sound,2025-07-08 - 2025-07-11,House,Garrisonland,UK,Garrisonland Open Air,59610,https://www.primaverasound.com,228,Bungalow,Garrisonland International Airport,Multi-stage,Renowned for immersive experience and world-class DJs.,General Admission,USD,130,151,329
Coachella,2025-07-08 - 2025-07-12,Trance,South Gerald,India,South Gerald Open Air,73731,https://www.coachella.com,226,"No accommodation included, Hotel, Airbnb",South Gerald International Airport,Desert gathering,Renowned for immersive experience and world-class DJs.,Camping Pass,EUR,69,252,538
